shot_id;shot_made_flag
15;0,5
18;0,5
21;0,5
24;0,5
26;0,5
29;0,5
31;0,5
34;0,5
54;0,5
56;0,5
64;0,5
65;0,5
74;0,5
78;0,5
82;0,5
85;0,5
92;0,5
98;0,5
100;0,5
101;0,5
105;0,5
108;0,5
109;0,5
110;0,5
112;0,5
114;0,5
116;0,5
135;0,5
137;0,5
138;0,5
143;0,5
151;0,5
159;0,5
178;0,5
183;0,5
187;0,5
188;0,5
190;0,5
193;0,5
194;0,5
197;0,5
199;0,5
204;0,5
214;0,5
217;0,5
218;0,5
220;0,5
224;0,5
232;0,5
236;0,5
241;0,5
244;0,5
251;0,5
252;0,5
254;0,5
257;0,5
261;0,5
263;0,5
265;0,5
271;0,5
279;0,5
282;0,5
283;0,5
290;0,5
292;0,5
293;0,5
296;0,5
307;0,5
310;0,5
311;0,5
318;0,5
320;0,5
323;0,5
340;0,5
342;0,5
353;0,5
361;0,5
368;0,5
369;0,5
370;0,5
377;0,5
380;0,5
382;0,5
392;0,5
406;0,5
407;0,5
414;0,5
415;0,5
422;0,5
424;0,5
427;0,5
432;0,5
434;0,5
447;0,5
448;0,5
450;0,5
451;0,5
458;0,5
482;0,5
485;0,5
488;0,5
489;0,5
490;0,5
493;0,5
495;0,5
499;0,5
501;0,5
503;0,5
509;0,5
515;0,5
533;0,5
534;0,5
536;0,5
541;0,5
544;0,5
545;0,5
550;0,5
552;0,5
557;0,5
560;0,5
572;0,5
581;0,5
582;0,5
585;0,5
588;0,5
593;0,5
605;0,5
606;0,5
611;0,5
613;0,5
616;0,5
627;0,5
634;0,5
641;0,5
647;0,5
652;0,5
658;0,5
663;0,5
674;0,5
681;0,5
683;0,5
686;0,5
688;0,5
697;0,5
704;0,5
708;0,5
709;0,5
725;0,5
729;0,5
730;0,5
731;0,5
733;0,5
741;0,5
742;0,5
747;0,5
752;0,5
759;0,5
760;0,5
778;0,5
782;0,5
784;0,5
803;0,5
804;0,5
809;0,5
816;0,5
825;0,5
834;0,5
836;0,5
839;0,5
846;0,5
854;0,5
856;0,5
859;0,5
878;0,5
893;0,5
894;0,5
896;0,5
907;0,5
916;0,5
930;0,5
931;0,5
936;0,5
943;0,5
945;0,5
955;0,5
959;0,5
964;0,5
968;0,5
970;0,5
977;0,5
979;0,5
988;0,5
992;0,5
999;0,5
1013;0,5
1026;0,5
1029;0,5
1036;0,5
1041;0,5
1042;0,5
1048;0,5
1049;0,5
1065;0,5
1066;0,5
1075;0,5
1083;0,5
1085;0,5
1095;0,5
1099;0,5
1108;0,5
1113;0,5
1116;0,5
1142;0,5
1155;0,5
1162;0,5
1165;0,5
1167;0,5
1178;0,5
1184;0,5
1191;0,5
1203;0,5
1206;0,5
1220;0,5
1223;0,5
1224;0,5
1233;0,5
1235;0,5
1236;0,5
1238;0,5
1243;0,5
1248;0,5
1252;0,5
1256;0,5
1258;0,5
1262;0,5
1266;0,5
1269;0,5
1271;0,5
1275;0,5
1277;0,5
1278;0,5
1285;0,5
1295;0,5
1298;0,5
1300;0,5
1301;0,5
1322;0,5
1323;0,5
1324;0,5
1329;0,5
1330;0,5
1331;0,5
1347;0,5
1349;0,5
1367;0,5
1378;0,5
1401;0,5
1403;0,5
1407;0,5
1413;0,5
1420;0,5
1426;0,5
1432;0,5
1435;0,5
1454;0,5
1471;0,5
1472;0,5
1474;0,5
1480;0,5
1490;0,5
1493;0,5
1497;0,5
1512;0,5
1513;0,5
1515;0,5
1529;0,5
1542;0,5
1543;0,5
1547;0,5
1548;0,5
1552;0,5
1553;0,5
1558;0,5
1562;0,5
1565;0,5
1566;0,5
1571;0,5
1572;0,5
1573;0,5
1574;0,5
1577;0,5
1585;0,5
1597;0,5
1601;0,5
1608;0,5
1627;0,5
1631;0,5
1637;0,5
1662;0,5
1668;0,5
1669;0,5
1674;0,5
1675;0,5
1679;0,5
1689;0,5
1701;0,5
1706;0,5
1709;0,5
1715;0,5
1718;0,5
1722;0,5
1723;0,5
1730;0,5
1737;0,5
1748;0,5
1750;0,5
1752;0,5
1754;0,5
1759;0,5
1772;0,5
1784;0,5
1789;0,5
1794;0,5
1805;0,5
1816;0,5
1848;0,5
1850;0,5
1855;0,5
1863;0,5
1864;0,5
1886;0,5
1891;0,5
1894;0,5
1896;0,5
1904;0,5
1910;0,5
1925;0,5
1931;0,5
1933;0,5
1942;0,5
1945;0,5
1955;0,5
1956;0,5
1970;0,5
1975;0,5
1976;0,5
1977;0,5
1990;0,5
1994;0,5
1995;0,5
1999;0,5
2001;0,5
2002;0,5
2003;0,5
2007;0,5
2012;0,5
2021;0,5
2027;0,5
2034;0,5
2036;0,5
2044;0,5
2052;0,5
2053;0,5
2057;0,5
2060;0,5
2068;0,5
2069;0,5
2070;0,5
2073;0,5
2092;0,5
2097;0,5
2099;0,5
2101;0,5
2104;0,5
2109;0,5
2111;0,5
2115;0,5
2118;0,5
2125;0,5
2135;0,5
2141;0,5
2149;0,5
2153;0,5
2172;0,5
2180;0,5
2182;0,5
2189;0,5
2191;0,5
2195;0,5
2201;0,5
2206;0,5
2207;0,5
2223;0,5
2224;0,5
2231;0,5
2232;0,5
2233;0,5
2236;0,5
2238;0,5
2249;0,5
2251;0,5
2252;0,5
2267;0,5
2280;0,5
2285;0,5
2289;0,5
2290;0,5
2300;0,5
2301;0,5
2304;0,5
2314;0,5
2323;0,5
2326;0,5
2327;0,5
2335;0,5
2336;0,5
2355;0,5
2365;0,5
2367;0,5
2371;0,5
2372;0,5
2379;0,5
2385;0,5
2389;0,5
2403;0,5
2405;0,5
2409;0,5
2415;0,5
2424;0,5
2430;0,5
2431;0,5
2450;0,5
2459;0,5
2466;0,5
2468;0,5
2478;0,5
2481;0,5
2484;0,5
2485;0,5
2489;0,5
2490;0,5
2497;0,5
2504;0,5
2510;0,5
2511;0,5
2518;0,5
2524;0,5
2527;0,5
2535;0,5
2544;0,5
2551;0,5
2568;0,5
2573;0,5
2577;0,5
2588;0,5
2594;0,5
2599;0,5
2600;0,5
2603;0,5
2608;0,5
2614;0,5
2618;0,5
2624;0,5
2626;0,5
2628;0,5
2637;0,5
2652;0,5
2660;0,5
2668;0,5
2672;0,5
2674;0,5
2676;0,5
2683;0,5
2687;0,5
2692;0,5
2693;0,5
2706;0,5
2711;0,5
2712;0,5
2716;0,5
2724;0,5
2736;0,5
2744;0,5
2746;0,5
2747;0,5
2752;0,5
2753;0,5
2771;0,5
2779;0,5
2784;0,5
2789;0,5
2790;0,5
2793;0,5
2794;0,5
2810;0,5
2817;0,5
2824;0,5
2827;0,5
2829;0,5
2834;0,5
2841;0,5
2861;0,5
2864;0,5
2885;0,5
2894;0,5
2902;0,5
2914;0,5
2920;0,5
2926;0,5
2927;0,5
2944;0,5
2947;0,5
2955;0,5
2960;0,5
2964;0,5
2968;0,5
2973;0,5
2974;0,5
2976;0,5
2982;0,5
2991;0,5
3008;0,5
3014;0,5
3023;0,5
3028;0,5
3047;0,5
3055;0,5
3067;0,5
3073;0,5
3075;0,5
3080;0,5
3087;0,5
3092;0,5
3101;0,5
3110;0,5
3114;0,5
3115;0,5
3119;0,5
3128;0,5
3132;0,5
3133;0,5
3136;0,5
3138;0,5
3140;0,5
3152;0,5
3157;0,5
3158;0,5
3162;0,5
3164;0,5
3172;0,5
3180;0,5
3190;0,5
3192;0,5
3195;0,5
3197;0,5
3199;0,5
3200;0,5
3207;0,5
3212;0,5
3223;0,5
3224;0,5
3243;0,5
3248;0,5
3264;0,5
3272;0,5
3276;0,5
3294;0,5
3297;0,5
3309;0,5
3332;0,5
3333;0,5
3347;0,5
3360;0,5
3367;0,5
3381;0,5
3386;0,5
3387;0,5
3403;0,5
3406;0,5
3415;0,5
3431;0,5
3435;0,5
3439;0,5
3440;0,5
3444;0,5
3445;0,5
3446;0,5
3456;0,5
3471;0,5
3475;0,5
3482;0,5
3485;0,5
3491;0,5
3492;0,5
3496;0,5
3497;0,5
3500;0,5
3501;0,5
3505;0,5
3506;0,5
3507;0,5
3509;0,5
3510;0,5
3514;0,5
3518;0,5
3520;0,5
3523;0,5
3525;0,5
3530;0,5
3534;0,5
3538;0,5
3544;0,5
3551;0,5
3561;0,5
3564;0,5
3565;0,5
3578;0,5
3581;0,5
3599;0,5
3601;0,5
3604;0,5
3607;0,5
3616;0,5
3641;0,5
3645;0,5
3646;0,5
3651;0,5
3660;0,5
3667;0,5
3675;0,5
3686;0,5
3687;0,5
3701;0,5
3711;0,5
3722;0,5
3739;0,5
3747;0,5
3754;0,5
3760;0,5
3768;0,5
3769;0,5
3777;0,5
3779;0,5
3788;0,5
3789;0,5
3793;0,5
3802;0,5
3803;0,5
3808;0,5
3811;0,5
3813;0,5
3820;0,5
3832;0,5
3850;0,5
3852;0,5
3861;0,5
3869;0,5
3877;0,5
3879;0,5
3884;0,5
3891;0,5
3894;0,5
3895;0,5
3915;0,5
3918;0,5
3926;0,5
3929;0,5
3931;0,5
3935;0,5
3939;0,5
3941;0,5
3945;0,5
3950;0,5
3956;0,5
3974;0,5
3975;0,5
3981;0,5
3988;0,5
3993;0,5
3994;0,5
3995;0,5
3996;0,5
3997;0,5
4013;0,5
4015;0,5
4022;0,5
4027;0,5
4030;0,5
4031;0,5
4047;0,5
4050;0,5
4070;0,5
4075;0,5
4078;0,5
4080;0,5
4088;0,5
4091;0,5
4093;0,5
4095;0,5
4098;0,5
4101;0,5
4112;0,5
4141;0,5
4144;0,5
4145;0,5
4151;0,5
4155;0,5
4159;0,5
4163;0,5
4171;0,5
4172;0,5
4173;0,5
4175;0,5
4178;0,5
4181;0,5
4188;0,5
4189;0,5
4194;0,5
4208;0,5
4210;0,5
4213;0,5
4214;0,5
4217;0,5
4229;0,5
4233;0,5
4243;0,5
4244;0,5
4247;0,5
4254;0,5
4255;0,5
4256;0,5
4257;0,5
4259;0,5
4262;0,5
4265;0,5
4270;0,5
4274;0,5
4281;0,5
4286;0,5
4287;0,5
4302;0,5
4303;0,5
4307;0,5
4330;0,5
4332;0,5
4337;0,5
4345;0,5
4349;0,5
4358;0,5
4361;0,5
4363;0,5
4367;0,5
4373;0,5
4377;0,5
4378;0,5
4380;0,5
4381;0,5
4386;0,5
4389;0,5
4399;0,5
4406;0,5
4416;0,5
4417;0,5
4418;0,5
4421;0,5
4425;0,5
4428;0,5
4433;0,5
4437;0,5
4443;0,5
4448;0,5
4450;0,5
4456;0,5
4457;0,5
4463;0,5
4465;0,5
4468;0,5
4471;0,5
4472;0,5
4492;0,5
4502;0,5
4507;0,5
4508;0,5
4514;0,5
4519;0,5
4527;0,5
4528;0,5
4530;0,5
4538;0,5
4539;0,5
4543;0,5
4562;0,5
4563;0,5
4577;0,5
4579;0,5
4580;0,5
4587;0,5
4595;0,5
4603;0,5
4607;0,5
4612;0,5
4622;0,5
4624;0,5
4631;0,5
4632;0,5
4634;0,5
4647;0,5
4649;0,5
4650;0,5
4654;0,5
4660;0,5
4663;0,5
4664;0,5
4673;0,5
4676;0,5
4677;0,5
4685;0,5
4690;0,5
4702;0,5
4710;0,5
4721;0,5
4725;0,5
4735;0,5
4740;0,5
4742;0,5
4743;0,5
4744;0,5
4763;0,5
4770;0,5
4782;0,5
4786;0,5
4792;0,5
4803;0,5
4815;0,5
4858;0,5
4859;0,5
4865;0,5
4878;0,5
4879;0,5
4885;0,5
4892;0,5
4920;0,5
4930;0,5
4934;0,5
4944;0,5
4945;0,5
4952;0,5
4955;0,5
4970;0,5
4978;0,5
4980;0,5
4981;0,5
4984;0,5
4985;0,5
4991;0,5
4994;0,5
5020;0,5
5028;0,5
5032;0,5
5033;0,5
5040;0,5
5048;0,5
5057;0,5
5072;0,5
5075;0,5
5087;0,5
5088;0,5
5092;0,5
5095;0,5
5096;0,5
5102;0,5
5107;0,5
5123;0,5
5126;0,5
5129;0,5
5132;0,5
5134;0,5
5135;0,5
5136;0,5
5137;0,5
5140;0,5
5144;0,5
5153;0,5
5155;0,5
5159;0,5
5160;0,5
5161;0,5
5176;0,5
5185;0,5
5189;0,5
5194;0,5
5195;0,5
5201;0,5
5205;0,5
5207;0,5
5208;0,5
5212;0,5
5223;0,5
5226;0,5
5227;0,5
5240;0,5
5247;0,5
5249;0,5
5274;0,5
5289;0,5
5307;0,5
5309;0,5
5312;0,5
5313;0,5
5316;0,5
5327;0,5
5330;0,5
5331;0,5
5337;0,5
5338;0,5
5344;0,5
5349;0,5
5356;0,5
5357;0,5
5375;0,5
5376;0,5
5377;0,5
5383;0,5
5386;0,5
5391;0,5
5396;0,5
5398;0,5
5400;0,5
5407;0,5
5411;0,5
5412;0,5
5414;0,5
5418;0,5
5420;0,5
5429;0,5
5431;0,5
5437;0,5
5440;0,5
5443;0,5
5447;0,5
5449;0,5
5451;0,5
5452;0,5
5464;0,5
5471;0,5
5478;0,5
5493;0,5
5494;0,5
5518;0,5
5520;0,5
5523;0,5
5529;0,5
5537;0,5
5538;0,5
5540;0,5
5544;0,5
5547;0,5
5560;0,5
5571;0,5
5572;0,5
5575;0,5
5576;0,5
5583;0,5
5584;0,5
5585;0,5
5593;0,5
5598;0,5
5604;0,5
5609;0,5
5611;0,5
5619;0,5
5622;0,5
5623;0,5
5626;0,5
5631;0,5
5645;0,5
5650;0,5
5653;0,5
5658;0,5
5664;0,5
5668;0,5
5673;0,5
5685;0,5
5691;0,5
5692;0,5
5694;0,5
5696;0,5
5697;0,5
5698;0,5
5709;0,5
5714;0,5
5720;0,5
5721;0,5
5722;0,5
5724;0,5
5730;0,5
5734;0,5
5738;0,5
5740;0,5
5744;0,5
5745;0,5
5748;0,5
5750;0,5
5754;0,5
5755;0,5
5771;0,5
5778;0,5
5783;0,5
5795;0,5
5807;0,5
5810;0,5
5812;0,5
5829;0,5
5841;0,5
5852;0,5
5855;0,5
5866;0,5
5867;0,5
5874;0,5
5877;0,5
5879;0,5
5884;0,5
5900;0,5
5903;0,5
5917;0,5
5918;0,5
5927;0,5
5947;0,5
5953;0,5
5968;0,5
5971;0,5
5975;0,5
5990;0,5
5992;0,5
5993;0,5
5994;0,5
5997;0,5
6001;0,5
6003;0,5
6006;0,5
6011;0,5
6012;0,5
6016;0,5
6019;0,5
6027;0,5
6037;0,5
6043;0,5
6048;0,5
6051;0,5
6057;0,5
6063;0,5
6067;0,5
6069;0,5
6073;0,5
6081;0,5
6085;0,5
6090;0,5
6093;0,5
6107;0,5
6113;0,5
6115;0,5
6116;0,5
6125;0,5
6126;0,5
6129;0,5
6143;0,5
6149;0,5
6150;0,5
6155;0,5
6156;0,5
6157;0,5
6168;0,5
6184;0,5
6185;0,5
6195;0,5
6198;0,5
6203;0,5
6207;0,5
6210;0,5
6225;0,5
6228;0,5
6235;0,5
6254;0,5
6261;0,5
6267;0,5
6275;0,5
6279;0,5
6280;0,5
6295;0,5
6314;0,5
6337;0,5
6345;0,5
6376;0,5
6384;0,5
6385;0,5
6408;0,5
6410;0,5
6416;0,5
6423;0,5
6425;0,5
6430;0,5
6466;0,5
6470;0,5
6478;0,5
6479;0,5
6480;0,5
6489;0,5
6501;0,5
6503;0,5
6504;0,5
6507;0,5
6525;0,5
6526;0,5
6528;0,5
6533;0,5
6538;0,5
6558;0,5
6560;0,5
6564;0,5
6570;0,5
6576;0,5
6580;0,5
6585;0,5
6587;0,5
6596;0,5
6603;0,5
6608;0,5
6616;0,5
6618;0,5
6619;0,5
6624;0,5
6627;0,5
6628;0,5
6656;0,5
6659;0,5
6660;0,5
6662;0,5
6663;0,5
6680;0,5
6689;0,5
6690;0,5
6691;0,5
6693;0,5
6702;0,5
6706;0,5
6707;0,5
6710;0,5
6715;0,5
6722;0,5
6726;0,5
6732;0,5
6740;0,5
6745;0,5
6749;0,5
6751;0,5
6755;0,5
6756;0,5
6763;0,5
6773;0,5
6794;0,5
6802;0,5
6804;0,5
6805;0,5
6811;0,5
6821;0,5
6822;0,5
6825;0,5
6826;0,5
6832;0,5
6835;0,5
6838;0,5
6845;0,5
6846;0,5
6848;0,5
6856;0,5
6864;0,5
6873;0,5
6883;0,5
6888;0,5
6897;0,5
6898;0,5
6905;0,5
6912;0,5
6920;0,5
6922;0,5
6927;0,5
6941;0,5
6973;0,5
6987;0,5
6988;0,5
6989;0,5
6999;0,5
7000;0,5
7001;0,5
7002;0,5
7008;0,5
7009;0,5
7028;0,5
7031;0,5
7032;0,5
7033;0,5
7034;0,5
7035;0,5
7049;0,5
7077;0,5
7079;0,5
7083;0,5
7089;0,5
7090;0,5
7092;0,5
7100;0,5
7107;0,5
7113;0,5
7128;0,5
7130;0,5
7140;0,5
7147;0,5
7150;0,5
7152;0,5
7179;0,5
7183;0,5
7185;0,5
7189;0,5
7192;0,5
7196;0,5
7219;0,5
7225;0,5
7227;0,5
7231;0,5
7238;0,5
7240;0,5
7242;0,5
7252;0,5
7258;0,5
7264;0,5
7269;0,5
7295;0,5
7298;0,5
7300;0,5
7301;0,5
7304;0,5
7306;0,5
7324;0,5
7327;0,5
7329;0,5
7336;0,5
7338;0,5
7344;0,5
7348;0,5
7349;0,5
7364;0,5
7369;0,5
7376;0,5
7379;0,5
7380;0,5
7385;0,5
7388;0,5
7390;0,5
7392;0,5
7398;0,5
7409;0,5
7412;0,5
7415;0,5
7417;0,5
7418;0,5
7421;0,5
7426;0,5
7431;0,5
7433;0,5
7436;0,5
7445;0,5
7446;0,5
7449;0,5
7472;0,5
7489;0,5
7500;0,5
7504;0,5
7507;0,5
7510;0,5
7512;0,5
7513;0,5
7519;0,5
7525;0,5
7526;0,5
7527;0,5
7531;0,5
7537;0,5
7545;0,5
7575;0,5
7580;0,5
7585;0,5
7590;0,5
7592;0,5
7604;0,5
7608;0,5
7614;0,5
7616;0,5
7617;0,5
7619;0,5
7627;0,5
7635;0,5
7637;0,5
7646;0,5
7647;0,5
7666;0,5
7667;0,5
7675;0,5
7680;0,5
7682;0,5
7689;0,5
7691;0,5
7695;0,5
7698;0,5
7700;0,5
7702;0,5
7705;0,5
7710;0,5
7713;0,5
7716;0,5
7721;0,5
7737;0,5
7738;0,5
7740;0,5
7743;0,5
7752;0,5
7759;0,5
7768;0,5
7769;0,5
7774;0,5
7778;0,5
7792;0,5
7795;0,5
7796;0,5
7799;0,5
7804;0,5
7814;0,5
7834;0,5
7835;0,5
7837;0,5
7838;0,5
7839;0,5
7840;0,5
7843;0,5
7844;0,5
7853;0,5
7871;0,5
7875;0,5
7878;0,5
7883;0,5
7891;0,5
7892;0,5
7895;0,5
7908;0,5
7916;0,5
7923;0,5
7925;0,5
7930;0,5
7932;0,5
7934;0,5
7938;0,5
7939;0,5
7941;0,5
7950;0,5
7954;0,5
7956;0,5
7962;0,5
7974;0,5
7975;0,5
7980;0,5
7985;0,5
7992;0,5
7999;0,5
8001;0,5
8004;0,5
8006;0,5
8014;0,5
8015;0,5
8016;0,5
8017;0,5
8018;0,5
8019;0,5
8022;0,5
8023;0,5
8024;0,5
8038;0,5
8040;0,5
8045;0,5
8046;0,5
8072;0,5
8078;0,5
8088;0,5
8094;0,5
8096;0,5
8099;0,5
8104;0,5
8106;0,5
8117;0,5
8118;0,5
8119;0,5
8135;0,5
8142;0,5
8148;0,5
8153;0,5
8158;0,5
8159;0,5
8173;0,5
8179;0,5
8190;0,5
8194;0,5
8195;0,5
8205;0,5
8206;0,5
8210;0,5
8225;0,5
8230;0,5
8238;0,5
8249;0,5
8251;0,5
8255;0,5
8260;0,5
8261;0,5
8262;0,5
8268;0,5
8286;0,5
8296;0,5
8297;0,5
8302;0,5
8309;0,5
8310;0,5
8313;0,5
8319;0,5
8325;0,5
8327;0,5
8328;0,5
8330;0,5
8334;0,5
8349;0,5
8357;0,5
8358;0,5
8359;0,5
8362;0,5
8372;0,5
8374;0,5
8378;0,5
8380;0,5
8381;0,5
8392;0,5
8397;0,5
8401;0,5
8402;0,5
8403;0,5
8404;0,5
8417;0,5
8432;0,5
8440;0,5
8443;0,5
8451;0,5
8460;0,5
8464;0,5
8472;0,5
8474;0,5
8494;0,5
8501;0,5
8508;0,5
8513;0,5
8515;0,5
8545;0,5
8550;0,5
8551;0,5
8552;0,5
8559;0,5
8561;0,5
8565;0,5
8567;0,5
8571;0,5
8573;0,5
8588;0,5
8593;0,5
8617;0,5
8629;0,5
8630;0,5
8640;0,5
8648;0,5
8649;0,5
8650;0,5
8652;0,5
8654;0,5
8656;0,5
8658;0,5
8670;0,5
8676;0,5
8682;0,5
8688;0,5
8696;0,5
8700;0,5
8702;0,5
8703;0,5
8705;0,5
8707;0,5
8717;0,5
8722;0,5
8726;0,5
8727;0,5
8730;0,5
8739;0,5
8742;0,5
8746;0,5
8748;0,5
8750;0,5
8765;0,5
8774;0,5
8783;0,5
8804;0,5
8818;0,5
8832;0,5
8836;0,5
8839;0,5
8842;0,5
8843;0,5
8860;0,5
8863;0,5
8864;0,5
8875;0,5
8877;0,5
8884;0,5
8890;0,5
8891;0,5
8892;0,5
8900;0,5
8920;0,5
8921;0,5
8932;0,5
8937;0,5
8951;0,5
8960;0,5
8981;0,5
8984;0,5
8986;0,5
8988;0,5
8989;0,5
8993;0,5
8994;0,5
9008;0,5
9010;0,5
9016;0,5
9020;0,5
9022;0,5
9031;0,5
9033;0,5
9042;0,5
9045;0,5
9047;0,5
9050;0,5
9066;0,5
9071;0,5
9073;0,5
9078;0,5
9081;0,5
9082;0,5
9091;0,5
9096;0,5
9097;0,5
9099;0,5
9107;0,5
9108;0,5
9121;0,5
9124;0,5
9146;0,5
9152;0,5
9155;0,5
9160;0,5
9183;0,5
9184;0,5
9202;0,5
9208;0,5
9211;0,5
9212;0,5
9218;0,5
9225;0,5
9233;0,5
9235;0,5
9241;0,5
9245;0,5
9246;0,5
9258;0,5
9263;0,5
9265;0,5
9285;0,5
9295;0,5
9299;0,5
9301;0,5
9316;0,5
9319;0,5
9321;0,5
9327;0,5
9328;0,5
9334;0,5
9335;0,5
9349;0,5
9350;0,5
9352;0,5
9358;0,5
9361;0,5
9372;0,5
9384;0,5
9386;0,5
9391;0,5
9392;0,5
9401;0,5
9404;0,5
9406;0,5
9407;0,5
9411;0,5
9419;0,5
9426;0,5
9427;0,5
9428;0,5
9431;0,5
9433;0,5
9436;0,5
9440;0,5
9443;0,5
9449;0,5
9450;0,5
9452;0,5
9455;0,5
9462;0,5
9463;0,5
9464;0,5
9465;0,5
9472;0,5
9479;0,5
9483;0,5
9486;0,5
9493;0,5
9494;0,5
9496;0,5
9501;0,5
9503;0,5
9505;0,5
9509;0,5
9510;0,5
9512;0,5
9513;0,5
9514;0,5
9530;0,5
9557;0,5
9562;0,5
9563;0,5
9570;0,5
9576;0,5
9584;0,5
9587;0,5
9591;0,5
9596;0,5
9598;0,5
9603;0,5
9608;0,5
9610;0,5
9619;0,5
9621;0,5
9625;0,5
9628;0,5
9632;0,5
9637;0,5
9638;0,5
9647;0,5
9657;0,5
9658;0,5
9661;0,5
9664;0,5
9671;0,5
9681;0,5
9682;0,5
9691;0,5
9693;0,5
9694;0,5
9697;0,5
9709;0,5
9713;0,5
9717;0,5
9727;0,5
9730;0,5
9731;0,5
9736;0,5
9737;0,5
9738;0,5
9740;0,5
9750;0,5
9765;0,5
9766;0,5
9776;0,5
9777;0,5
9781;0,5
9805;0,5
9808;0,5
9809;0,5
9811;0,5
9845;0,5
9856;0,5
9864;0,5
9865;0,5
9866;0,5
9874;0,5
9879;0,5
9882;0,5
9885;0,5
9887;0,5
9894;0,5
9897;0,5
9906;0,5
9909;0,5
9915;0,5
9923;0,5
9925;0,5
9930;0,5
9939;0,5
9944;0,5
9954;0,5
9961;0,5
9964;0,5
9977;0,5
9981;0,5
9983;0,5
9985;0,5
9990;0,5
10008;0,5
10016;0,5
10022;0,5
10027;0,5
10035;0,5
10038;0,5
10046;0,5
10068;0,5
10070;0,5
10076;0,5
10077;0,5
10079;0,5
10080;0,5
10086;0,5
10088;0,5
10091;0,5
10094;0,5
10103;0,5
10105;0,5
10108;0,5
10112;0,5
10118;0,5
10127;0,5
10138;0,5
10143;0,5
10146;0,5
10158;0,5
10159;0,5
10170;0,5
10171;0,5
10180;0,5
10188;0,5
10195;0,5
10216;0,5
10217;0,5
10219;0,5
10235;0,5
10236;0,5
10246;0,5
10252;0,5
10254;0,5
10259;0,5
10264;0,5
10265;0,5
10266;0,5
10274;0,5
10284;0,5
10288;0,5
10302;0,5
10303;0,5
10308;0,5
10310;0,5
10336;0,5
10356;0,5
10358;0,5
10363;0,5
10379;0,5
10381;0,5
10392;0,5
10394;0,5
10399;0,5
10403;0,5
10409;0,5
10415;0,5
10416;0,5
10431;0,5
10434;0,5
10452;0,5
10459;0,5
10467;0,5
10470;0,5
10476;0,5
10480;0,5
10482;0,5
10484;0,5
10490;0,5
10493;0,5
10511;0,5
10515;0,5
10516;0,5
10520;0,5
10521;0,5
10523;0,5
10526;0,5
10541;0,5
10544;0,5
10546;0,5
10553;0,5
10563;0,5
10580;0,5
10582;0,5
10588;0,5
10589;0,5
10598;0,5
10601;0,5
10603;0,5
10605;0,5
10609;0,5
10612;0,5
10623;0,5
10624;0,5
10625;0,5
10626;0,5
10641;0,5
10644;0,5
10648;0,5
10655;0,5
10656;0,5
10659;0,5
10669;0,5
10675;0,5
10679;0,5
10680;0,5
10682;0,5
10685;0,5
10688;0,5
10704;0,5
10707;0,5
10717;0,5
10725;0,5
10731;0,5
10732;0,5
10733;0,5
10734;0,5
10739;0,5
10768;0,5
10779;0,5
10781;0,5
10784;0,5
10789;0,5
10791;0,5
10794;0,5
10796;0,5
10798;0,5
10801;0,5
10813;0,5
10820;0,5
10841;0,5
10844;0,5
10851;0,5
10854;0,5
10858;0,5
10874;0,5
10877;0,5
10882;0,5
10893;0,5
10899;0,5
10912;0,5
10919;0,5
10938;0,5
10943;0,5
10945;0,5
10948;0,5
10949;0,5
10957;0,5
10965;0,5
10976;0,5
10978;0,5
10979;0,5
10989;0,5
11008;0,5
11009;0,5
11012;0,5
11022;0,5
11030;0,5
11035;0,5
11048;0,5
11053;0,5
11061;0,5
11068;0,5
11069;0,5
11070;0,5
11074;0,5
11078;0,5
11087;0,5
11098;0,5
11102;0,5
11117;0,5
11127;0,5
11132;0,5
11145;0,5
11158;0,5
11159;0,5
11172;0,5
11175;0,5
11189;0,5
11190;0,5
11216;0,5
11218;0,5
11231;0,5
11233;0,5
11236;0,5
11240;0,5
11242;0,5
11248;0,5
11249;0,5
11250;0,5
11272;0,5
11284;0,5
11285;0,5
11310;0,5
11325;0,5
11327;0,5
11328;0,5
11334;0,5
11335;0,5
11337;0,5
11341;0,5
11353;0,5
11356;0,5
11361;0,5
11383;0,5
11390;0,5
11396;0,5
11400;0,5
11403;0,5
11404;0,5
11405;0,5
11407;0,5
11408;0,5
11435;0,5
11441;0,5
11446;0,5
11454;0,5
11476;0,5
11479;0,5
11494;0,5
11497;0,5
11501;0,5
11503;0,5
11505;0,5
11515;0,5
11516;0,5
11519;0,5
11524;0,5
11542;0,5
11543;0,5
11546;0,5
11555;0,5
11556;0,5
11567;0,5
11569;0,5
11572;0,5
11573;0,5
11576;0,5
11595;0,5
11596;0,5
11598;0,5
11606;0,5
11608;0,5
11610;0,5
11616;0,5
11622;0,5
11641;0,5
11643;0,5
11649;0,5
11650;0,5
11659;0,5
11662;0,5
11663;0,5
11666;0,5
11668;0,5
11672;0,5
11686;0,5
11688;0,5
11691;0,5
11693;0,5
11697;0,5
11701;0,5
11704;0,5
11705;0,5
11709;0,5
11713;0,5
11727;0,5
11731;0,5
11732;0,5
11746;0,5
11749;0,5
11751;0,5
11761;0,5
11767;0,5
11774;0,5
11775;0,5
11796;0,5
11798;0,5
11799;0,5
11801;0,5
11804;0,5
11807;0,5
11808;0,5
11811;0,5
11821;0,5
11822;0,5
11831;0,5
11846;0,5
11849;0,5
11853;0,5
11857;0,5
11858;0,5
11866;0,5
11871;0,5
11884;0,5
11897;0,5
11904;0,5
11913;0,5
11916;0,5
11928;0,5
11932;0,5
11937;0,5
11950;0,5
11961;0,5
11964;0,5
11966;0,5
11981;0,5
11982;0,5
11997;0,5
12008;0,5
12011;0,5
12022;0,5
12023;0,5
12027;0,5
12032;0,5
12035;0,5
12052;0,5
12057;0,5
12059;0,5
12065;0,5
12068;0,5
12075;0,5
12082;0,5
12088;0,5
12091;0,5
12097;0,5
12102;0,5
12105;0,5
12107;0,5
12112;0,5
12118;0,5
12126;0,5
12132;0,5
12138;0,5
12144;0,5
12148;0,5
12156;0,5
12161;0,5
12168;0,5
12169;0,5
12170;0,5
12182;0,5
12189;0,5
12196;0,5
12203;0,5
12206;0,5
12209;0,5
12213;0,5
12215;0,5
12216;0,5
12224;0,5
12231;0,5
12243;0,5
12245;0,5
12253;0,5
12267;0,5
12273;0,5
12275;0,5
12297;0,5
12298;0,5
12299;0,5
12321;0,5
12323;0,5
12331;0,5
12332;0,5
12341;0,5
12345;0,5
12346;0,5
12351;0,5
12358;0,5
12365;0,5
12373;0,5
12380;0,5
12381;0,5
12396;0,5
12400;0,5
12404;0,5
12416;0,5
12421;0,5
12424;0,5
12428;0,5
12430;0,5
12432;0,5
12439;0,5
12443;0,5
12447;0,5
12449;0,5
12454;0,5
12470;0,5
12473;0,5
12478;0,5
12479;0,5
12499;0,5
12504;0,5
12507;0,5
12514;0,5
12516;0,5
12518;0,5
12522;0,5
12525;0,5
12528;0,5
12539;0,5
12549;0,5
12550;0,5
12554;0,5
12559;0,5
12564;0,5
12571;0,5
12578;0,5
12585;0,5
12592;0,5
12599;0,5
12602;0,5
12603;0,5
12605;0,5
12611;0,5
12612;0,5
12619;0,5
12624;0,5
12628;0,5
12633;0,5
12643;0,5
12657;0,5
12671;0,5
12674;0,5
12675;0,5
12684;0,5
12685;0,5
12690;0,5
12693;0,5
12705;0,5
12714;0,5
12726;0,5
12731;0,5
12732;0,5
12746;0,5
12751;0,5
12759;0,5
12761;0,5
12764;0,5
12775;0,5
12777;0,5
12778;0,5
12779;0,5
12790;0,5
12792;0,5
12797;0,5
12806;0,5
12813;0,5
12819;0,5
12830;0,5
12834;0,5
12840;0,5
12852;0,5
12854;0,5
12856;0,5
12857;0,5
12861;0,5
12876;0,5
12887;0,5
12890;0,5
12891;0,5
12894;0,5
12897;0,5
12904;0,5
12910;0,5
12913;0,5
12915;0,5
12920;0,5
12921;0,5
12932;0,5
12933;0,5
12942;0,5
12954;0,5
12955;0,5
12966;0,5
12967;0,5
12979;0,5
12984;0,5
12985;0,5
12998;0,5
12999;0,5
13017;0,5
13018;0,5
13019;0,5
13027;0,5
13031;0,5
13032;0,5
13036;0,5
13037;0,5
13038;0,5
13039;0,5
13053;0,5
13057;0,5
13059;0,5
13061;0,5
13062;0,5
13063;0,5
13066;0,5
13072;0,5
13088;0,5
13094;0,5
13096;0,5
13101;0,5
13106;0,5
13117;0,5
13128;0,5
13137;0,5
13141;0,5
13145;0,5
13148;0,5
13152;0,5
13156;0,5
13160;0,5
13167;0,5
13168;0,5
13180;0,5
13181;0,5
13182;0,5
13188;0,5
13196;0,5
13204;0,5
13205;0,5
13211;0,5
13217;0,5
13219;0,5
13220;0,5
13223;0,5
13229;0,5
13230;0,5
13233;0,5
13236;0,5
13239;0,5
13242;0,5
13245;0,5
13265;0,5
13267;0,5
13276;0,5
13279;0,5
13283;0,5
13284;0,5
13293;0,5
13295;0,5
13296;0,5
13297;0,5
13302;0,5
13308;0,5
13309;0,5
13317;0,5
13318;0,5
13323;0,5
13334;0,5
13335;0,5
13336;0,5
13353;0,5
13356;0,5
13363;0,5
13382;0,5
13387;0,5
13388;0,5
13400;0,5
13401;0,5
13403;0,5
13406;0,5
13407;0,5
13409;0,5
13412;0,5
13423;0,5
13430;0,5
13441;0,5
13446;0,5
13452;0,5
13453;0,5
13463;0,5
13464;0,5
13476;0,5
13489;0,5
13501;0,5
13502;0,5
13504;0,5
13521;0,5
13524;0,5
13525;0,5
13532;0,5
13554;0,5
13560;0,5
13563;0,5
13573;0,5
13577;0,5
13578;0,5
13590;0,5
13594;0,5
13608;0,5
13623;0,5
13628;0,5
13632;0,5
13641;0,5
13642;0,5
13644;0,5
13657;0,5
13659;0,5
13664;0,5
13674;0,5
13686;0,5
13702;0,5
13708;0,5
13709;0,5
13717;0,5
13725;0,5
13736;0,5
13745;0,5
13751;0,5
13753;0,5
13754;0,5
13768;0,5
13772;0,5
13774;0,5
13775;0,5
13779;0,5
13782;0,5
13783;0,5
13798;0,5
13799;0,5
13800;0,5
13806;0,5
13808;0,5
13812;0,5
13817;0,5
13826;0,5
13833;0,5
13834;0,5
13837;0,5
13838;0,5
13839;0,5
13844;0,5
13854;0,5
13857;0,5
13861;0,5
13862;0,5
13865;0,5
13866;0,5
13873;0,5
13880;0,5
13896;0,5
13897;0,5
13898;0,5
13902;0,5
13915;0,5
13917;0,5
13921;0,5
13946;0,5
13961;0,5
13965;0,5
13966;0,5
13978;0,5
13988;0,5
13989;0,5
13992;0,5
13996;0,5
14002;0,5
14003;0,5
14004;0,5
14007;0,5
14012;0,5
14023;0,5
14024;0,5
14042;0,5
14059;0,5
14064;0,5
14074;0,5
14085;0,5
14089;0,5
14092;0,5
14099;0,5
14104;0,5
14112;0,5
14116;0,5
14128;0,5
14129;0,5
14144;0,5
14145;0,5
14147;0,5
14148;0,5
14150;0,5
14159;0,5
14176;0,5
14182;0,5
14183;0,5
14197;0,5
14205;0,5
14212;0,5
14214;0,5
14216;0,5
14228;0,5
14237;0,5
14241;0,5
14248;0,5
14260;0,5
14261;0,5
14264;0,5
14267;0,5
14269;0,5
14272;0,5
14274;0,5
14276;0,5
14277;0,5
14290;0,5
14298;0,5
14301;0,5
14306;0,5
14312;0,5
14313;0,5
14314;0,5
14316;0,5
14329;0,5
14330;0,5
14338;0,5
14348;0,5
14349;0,5
14356;0,5
14361;0,5
14365;0,5
14366;0,5
14375;0,5
14386;0,5
14399;0,5
14414;0,5
14419;0,5
14424;0,5
14428;0,5
14452;0,5
14454;0,5
14464;0,5
14466;0,5
14478;0,5
14480;0,5
14481;0,5
14487;0,5
14489;0,5
14491;0,5
14492;0,5
14494;0,5
14495;0,5
14502;0,5
14504;0,5
14507;0,5
14509;0,5
14520;0,5
14523;0,5
14528;0,5
14535;0,5
14538;0,5
14542;0,5
14546;0,5
14548;0,5
14551;0,5
14555;0,5
14557;0,5
14558;0,5
14573;0,5
14578;0,5
14579;0,5
14581;0,5
14586;0,5
14587;0,5
14596;0,5
14603;0,5
14610;0,5
14613;0,5
14627;0,5
14638;0,5
14645;0,5
14673;0,5
14676;0,5
14678;0,5
14685;0,5
14694;0,5
14696;0,5
14697;0,5
14701;0,5
14705;0,5
14708;0,5
14715;0,5
14720;0,5
14725;0,5
14730;0,5
14734;0,5
14735;0,5
14741;0,5
14743;0,5
14759;0,5
14762;0,5
14764;0,5
14768;0,5
14770;0,5
14778;0,5
14783;0,5
14799;0,5
14809;0,5
14811;0,5
14812;0,5
14813;0,5
14816;0,5
14830;0,5
14871;0,5
14883;0,5
14887;0,5
14893;0,5
14899;0,5
14912;0,5
14913;0,5
14914;0,5
14917;0,5
14921;0,5
14924;0,5
14926;0,5
14933;0,5
14943;0,5
14945;0,5
14950;0,5
14958;0,5
14962;0,5
14965;0,5
14967;0,5
14968;0,5
14974;0,5
14991;0,5
14998;0,5
15002;0,5
15004;0,5
15005;0,5
15007;0,5
15012;0,5
15015;0,5
15022;0,5
15031;0,5
15033;0,5
15037;0,5
15053;0,5
15060;0,5
15069;0,5
15070;0,5
15071;0,5
15088;0,5
15105;0,5
15106;0,5
15107;0,5
15122;0,5
15126;0,5
15133;0,5
15144;0,5
15151;0,5
15156;0,5
15158;0,5
15160;0,5
15161;0,5
15163;0,5
15165;0,5
15170;0,5
15177;0,5
15186;0,5
15199;0,5
15203;0,5
15206;0,5
15210;0,5
15212;0,5
15226;0,5
15244;0,5
15250;0,5
15257;0,5
15260;0,5
15262;0,5
15264;0,5
15272;0,5
15275;0,5
15293;0,5
15300;0,5
15301;0,5
15303;0,5
15304;0,5
15320;0,5
15324;0,5
15326;0,5
15342;0,5
15345;0,5
15352;0,5
15353;0,5
15357;0,5
15369;0,5
15378;0,5
15384;0,5
15385;0,5
15395;0,5
15397;0,5
15414;0,5
15417;0,5
15427;0,5
15430;0,5
15433;0,5
15444;0,5
15447;0,5
15469;0,5
15474;0,5
15478;0,5
15483;0,5
15498;0,5
15500;0,5
15506;0,5
15510;0,5
15520;0,5
15533;0,5
15546;0,5
15557;0,5
15558;0,5
15561;0,5
15570;0,5
15572;0,5
15577;0,5
15580;0,5
15582;0,5
15585;0,5
15592;0,5
15604;0,5
15607;0,5
15609;0,5
15612;0,5
15616;0,5
15619;0,5
15621;0,5
15626;0,5
15627;0,5
15630;0,5
15637;0,5
15641;0,5
15642;0,5
15646;0,5
15652;0,5
15654;0,5
15655;0,5
15667;0,5
15678;0,5
15695;0,5
15697;0,5
15700;0,5
15716;0,5
15721;0,5
15731;0,5
15736;0,5
15740;0,5
15744;0,5
15761;0,5
15764;0,5
15767;0,5
15770;0,5
15775;0,5
15777;0,5
15779;0,5
15784;0,5
15785;0,5
15795;0,5
15796;0,5
15798;0,5
15799;0,5
15803;0,5
15811;0,5
15814;0,5
15816;0,5
15824;0,5
15830;0,5
15834;0,5
15835;0,5
15836;0,5
15845;0,5
15847;0,5
15852;0,5
15853;0,5
15855;0,5
15871;0,5
15872;0,5
15879;0,5
15880;0,5
15885;0,5
15903;0,5
15905;0,5
15932;0,5
15933;0,5
15936;0,5
15943;0,5
15956;0,5
15964;0,5
15974;0,5
15978;0,5
15986;0,5
15990;0,5
15992;0,5
16000;0,5
16005;0,5
16013;0,5
16021;0,5
16022;0,5
16027;0,5
16028;0,5
16042;0,5
16045;0,5
16046;0,5
16048;0,5
16055;0,5
16060;0,5
16065;0,5
16072;0,5
16074;0,5
16081;0,5
16085;0,5
16087;0,5
16090;0,5
16094;0,5
16099;0,5
16101;0,5
16114;0,5
16118;0,5
16119;0,5
16120;0,5
16122;0,5
16149;0,5
16156;0,5
16164;0,5
16167;0,5
16182;0,5
16191;0,5
16201;0,5
16203;0,5
16208;0,5
16209;0,5
16219;0,5
16225;0,5
16227;0,5
16228;0,5
16234;0,5
16238;0,5
16243;0,5
16244;0,5
16246;0,5
16248;0,5
16249;0,5
16253;0,5
16256;0,5
16262;0,5
16279;0,5
16291;0,5
16295;0,5
16296;0,5
16308;0,5
16311;0,5
16312;0,5
16322;0,5
16327;0,5
16328;0,5
16336;0,5
16350;0,5
16370;0,5
16381;0,5
16383;0,5
16385;0,5
16389;0,5
16397;0,5
16400;0,5
16402;0,5
16406;0,5
16408;0,5
16415;0,5
16418;0,5
16429;0,5
16433;0,5
16435;0,5
16443;0,5
16449;0,5
16454;0,5
16460;0,5
16462;0,5
16465;0,5
16466;0,5
16468;0,5
16469;0,5
16473;0,5
16475;0,5
16480;0,5
16486;0,5
16488;0,5
16492;0,5
16497;0,5
16498;0,5
16500;0,5
16504;0,5
16505;0,5
16506;0,5
16509;0,5
16511;0,5
16512;0,5
16514;0,5
16517;0,5
16522;0,5
16526;0,5
16534;0,5
16540;0,5
16541;0,5
16544;0,5
16553;0,5
16554;0,5
16555;0,5
16557;0,5
16563;0,5
16565;0,5
16575;0,5
16578;0,5
16587;0,5
16593;0,5
16594;0,5
16610;0,5
16618;0,5
16626;0,5
16638;0,5
16639;0,5
16644;0,5
16647;0,5
16651;0,5
16654;0,5
16658;0,5
16667;0,5
16668;0,5
16677;0,5
16688;0,5
16691;0,5
16694;0,5
16698;0,5
16699;0,5
16700;0,5
16707;0,5
16708;0,5
16709;0,5
16715;0,5
16716;0,5
16721;0,5
16724;0,5
16727;0,5
16728;0,5
16734;0,5
16746;0,5
16752;0,5
16760;0,5
16765;0,5
16767;0,5
16774;0,5
16780;0,5
16782;0,5
16783;0,5
16784;0,5
16794;0,5
16795;0,5
16804;0,5
16809;0,5
16810;0,5
16818;0,5
16824;0,5
16842;0,5
16846;0,5
16850;0,5
16857;0,5
16874;0,5
16878;0,5
16882;0,5
16890;0,5
16901;0,5
16903;0,5
16911;0,5
16913;0,5
16917;0,5
16928;0,5
16930;0,5
16932;0,5
16940;0,5
16942;0,5
16945;0,5
16946;0,5
16953;0,5
16960;0,5
16972;0,5
16973;0,5
16983;0,5
16986;0,5
16991;0,5
17010;0,5
17023;0,5
17026;0,5
17031;0,5
17038;0,5
17058;0,5
17076;0,5
17079;0,5
17081;0,5
17087;0,5
17089;0,5
17090;0,5
17098;0,5
17099;0,5
17110;0,5
17112;0,5
17118;0,5
17121;0,5
17126;0,5
17135;0,5
17141;0,5
17145;0,5
17150;0,5
17157;0,5
17159;0,5
17161;0,5
17162;0,5
17167;0,5
17169;0,5
17175;0,5
17178;0,5
17185;0,5
17191;0,5
17204;0,5
17215;0,5
17217;0,5
17235;0,5
17245;0,5
17246;0,5
17248;0,5
17249;0,5
17250;0,5
17252;0,5
17257;0,5
17260;0,5
17265;0,5
17269;0,5
17273;0,5
17286;0,5
17293;0,5
17295;0,5
17305;0,5
17314;0,5
17317;0,5
17330;0,5
17339;0,5
17351;0,5
17359;0,5
17362;0,5
17371;0,5
17375;0,5
17387;0,5
17389;0,5
17393;0,5
17401;0,5
17408;0,5
17423;0,5
17424;0,5
17425;0,5
17431;0,5
17433;0,5
17436;0,5
17438;0,5
17440;0,5
17444;0,5
17450;0,5
17457;0,5
17459;0,5
17478;0,5
17480;0,5
17482;0,5
17492;0,5
17493;0,5
17500;0,5
17504;0,5
17505;0,5
17507;0,5
17510;0,5
17511;0,5
17515;0,5
17520;0,5
17524;0,5
17529;0,5
17530;0,5
17531;0,5
17533;0,5
17538;0,5
17545;0,5
17548;0,5
17556;0,5
17573;0,5
17574;0,5
17584;0,5
17587;0,5
17588;0,5
17601;0,5
17602;0,5
17614;0,5
17617;0,5
17628;0,5
17640;0,5
17647;0,5
17649;0,5
17650;0,5
17657;0,5
17661;0,5
17671;0,5
17674;0,5
17692;0,5
17693;0,5
17694;0,5
17700;0,5
17704;0,5
17710;0,5
17715;0,5
17731;0,5
17732;0,5
17734;0,5
17754;0,5
17758;0,5
17760;0,5
17762;0,5
17765;0,5
17767;0,5
17768;0,5
17770;0,5
17775;0,5
17783;0,5
17797;0,5
17803;0,5
17815;0,5
17829;0,5
17839;0,5
17841;0,5
17853;0,5
17861;0,5
17862;0,5
17868;0,5
17874;0,5
17875;0,5
17880;0,5
17885;0,5
17897;0,5
17898;0,5
17910;0,5
17914;0,5
17920;0,5
17925;0,5
17926;0,5
17930;0,5
17954;0,5
17959;0,5
17969;0,5
17970;0,5
17979;0,5
17982;0,5
18000;0,5
18005;0,5
18008;0,5
18010;0,5
18014;0,5
18017;0,5
18025;0,5
18026;0,5
18038;0,5
18046;0,5
18047;0,5
18050;0,5
18052;0,5
18053;0,5
18054;0,5
18056;0,5
18060;0,5
18064;0,5
18068;0,5
18076;0,5
18078;0,5
18084;0,5
18094;0,5
18096;0,5
18101;0,5
18110;0,5
18112;0,5
18115;0,5
18127;0,5
18129;0,5
18144;0,5
18148;0,5
18158;0,5
18159;0,5
18160;0,5
18162;0,5
18163;0,5
18168;0,5
18171;0,5
18175;0,5
18177;0,5
18178;0,5
18183;0,5
18186;0,5
18190;0,5
18195;0,5
18200;0,5
18209;0,5
18218;0,5
18221;0,5
18224;0,5
18229;0,5
18234;0,5
18253;0,5
18258;0,5
18261;0,5
18266;0,5
18267;0,5
18271;0,5
18274;0,5
18276;0,5
18279;0,5
18287;0,5
18291;0,5
18325;0,5
18326;0,5
18330;0,5
18331;0,5
18333;0,5
18338;0,5
18345;0,5
18346;0,5
18353;0,5
18358;0,5
18372;0,5
18379;0,5
18386;0,5
18405;0,5
18409;0,5
18414;0,5
18425;0,5
18440;0,5
18443;0,5
18444;0,5
18446;0,5
18447;0,5
18456;0,5
18457;0,5
18464;0,5
18468;0,5
18469;0,5
18474;0,5
18481;0,5
18488;0,5
18500;0,5
18503;0,5
18507;0,5
18520;0,5
18521;0,5
18524;0,5
18525;0,5
18526;0,5
18534;0,5
18536;0,5
18538;0,5
18546;0,5
18549;0,5
18551;0,5
18553;0,5
18554;0,5
18562;0,5
18566;0,5
18568;0,5
18569;0,5
18574;0,5
18577;0,5
18582;0,5
18590;0,5
18591;0,5
18594;0,5
18598;0,5
18600;0,5
18607;0,5
18609;0,5
18612;0,5
18633;0,5
18636;0,5
18647;0,5
18664;0,5
18666;0,5
18668;0,5
18669;0,5
18674;0,5
18681;0,5
18683;0,5
18700;0,5
18701;0,5
18703;0,5
18711;0,5
18713;0,5
18714;0,5
18717;0,5
18722;0,5
18723;0,5
18745;0,5
18756;0,5
18761;0,5
18766;0,5
18781;0,5
18799;0,5
18800;0,5
18804;0,5
18815;0,5
18826;0,5
18837;0,5
18839;0,5
18842;0,5
18844;0,5
18851;0,5
18854;0,5
18858;0,5
18865;0,5
18867;0,5
18872;0,5
18873;0,5
18887;0,5
18888;0,5
18891;0,5
18903;0,5
18905;0,5
18910;0,5
18941;0,5
18942;0,5
18948;0,5
18953;0,5
18954;0,5
18965;0,5
18972;0,5
18979;0,5
18983;0,5
18984;0,5
18989;0,5
18998;0,5
18999;0,5
19005;0,5
19010;0,5
19012;0,5
19014;0,5
19016;0,5
19029;0,5
19033;0,5
19038;0,5
19040;0,5
19041;0,5
19046;0,5
19047;0,5
19054;0,5
19055;0,5
19062;0,5
19065;0,5
19067;0,5
19071;0,5
19073;0,5
19075;0,5
19086;0,5
19088;0,5
19090;0,5
19091;0,5
19096;0,5
19100;0,5
19103;0,5
19108;0,5
19113;0,5
19114;0,5
19116;0,5
19119;0,5
19121;0,5
19127;0,5
19132;0,5
19140;0,5
19144;0,5
19154;0,5
19157;0,5
19158;0,5
19167;0,5
19169;0,5
19187;0,5
19190;0,5
19192;0,5
19193;0,5
19197;0,5
19218;0,5
19223;0,5
19237;0,5
19243;0,5
19248;0,5
19256;0,5
19271;0,5
19276;0,5
19277;0,5
19279;0,5
19280;0,5
19292;0,5
19301;0,5
19303;0,5
19304;0,5
19307;0,5
19310;0,5
19313;0,5
19322;0,5
19325;0,5
19331;0,5
19332;0,5
19346;0,5
19347;0,5
19350;0,5
19354;0,5
19356;0,5
19362;0,5
19374;0,5
19381;0,5
19386;0,5
19394;0,5
19399;0,5
19406;0,5
19412;0,5
19415;0,5
19424;0,5
19431;0,5
19433;0,5
19439;0,5
19441;0,5
19444;0,5
19454;0,5
19461;0,5
19483;0,5
19487;0,5
19488;0,5
19492;0,5
19504;0,5
19505;0,5
19509;0,5
19517;0,5
19519;0,5
19533;0,5
19540;0,5
19543;0,5
19552;0,5
19554;0,5
19560;0,5
19565;0,5
19570;0,5
19575;0,5
19579;0,5
19587;0,5
19590;0,5
19597;0,5
19606;0,5
19616;0,5
19617;0,5
19620;0,5
19622;0,5
19626;0,5
19627;0,5
19628;0,5
19631;0,5
19632;0,5
19637;0,5
19638;0,5
19640;0,5
19643;0,5
19645;0,5
19647;0,5
19657;0,5
19664;0,5
19665;0,5
19670;0,5
19677;0,5
19688;0,5
19690;0,5
19702;0,5
19706;0,5
19707;0,5
19722;0,5
19729;0,5
19731;0,5
19741;0,5
19746;0,5
19758;0,5
19760;0,5
19763;0,5
19770;0,5
19772;0,5
19775;0,5
19779;0,5
19790;0,5
19791;0,5
19800;0,5
19806;0,5
19810;0,5
19812;0,5
19819;0,5
19820;0,5
19823;0,5
19824;0,5
19836;0,5
19837;0,5
19842;0,5
19845;0,5
19847;0,5
19860;0,5
19866;0,5
19874;0,5
19875;0,5
19877;0,5
19881;0,5
19883;0,5
19886;0,5
19889;0,5
19891;0,5
19895;0,5
19897;0,5
19900;0,5
19911;0,5
19918;0,5
19921;0,5
19922;0,5
19924;0,5
19926;0,5
19930;0,5
19935;0,5
19936;0,5
19946;0,5
19949;0,5
19951;0,5
19955;0,5
19958;0,5
19972;0,5
19975;0,5
19977;0,5
19985;0,5
19988;0,5
19993;0,5
19994;0,5
19996;0,5
20005;0,5
20008;0,5
20009;0,5
20023;0,5
20026;0,5
20028;0,5
20039;0,5
20045;0,5
20061;0,5
20062;0,5
20064;0,5
20066;0,5
20068;0,5
20073;0,5
20076;0,5
20081;0,5
20083;0,5
20085;0,5
20099;0,5
20106;0,5
20113;0,5
20114;0,5
20115;0,5
20121;0,5
20131;0,5
20134;0,5
20135;0,5
20142;0,5
20145;0,5
20166;0,5
20169;0,5
20179;0,5
20194;0,5
20199;0,5
20205;0,5
20207;0,5
20208;0,5
20215;0,5
20219;0,5
20222;0,5
20227;0,5
20244;0,5
20246;0,5
20258;0,5
20262;0,5
20270;0,5
20272;0,5
20273;0,5
20275;0,5
20277;0,5
20278;0,5
20284;0,5
20293;0,5
20296;0,5
20304;0,5
20306;0,5
20307;0,5
20315;0,5
20316;0,5
20326;0,5
20330;0,5
20333;0,5
20337;0,5
20339;0,5
20340;0,5
20342;0,5
20353;0,5
20354;0,5
20355;0,5
20367;0,5
20369;0,5
20370;0,5
20384;0,5
20385;0,5
20391;0,5
20392;0,5
20394;0,5
20396;0,5
20401;0,5
20405;0,5
20407;0,5
20410;0,5
20413;0,5
20417;0,5
20431;0,5
20443;0,5
20455;0,5
20456;0,5
20483;0,5
20493;0,5
20499;0,5
20501;0,5
20508;0,5
20513;0,5
20514;0,5
20524;0,5
20526;0,5
20531;0,5
20534;0,5
20535;0,5
20543;0,5
20545;0,5
20547;0,5
20556;0,5
20557;0,5
20561;0,5
20565;0,5
20568;0,5
20571;0,5
20573;0,5
20574;0,5
20575;0,5
20579;0,5
20585;0,5
20588;0,5
20599;0,5
20602;0,5
20604;0,5
20614;0,5
20621;0,5
20626;0,5
20630;0,5
20634;0,5
20635;0,5
20637;0,5
20638;0,5
20644;0,5
20650;0,5
20659;0,5
20662;0,5
20678;0,5
20680;0,5
20681;0,5
20682;0,5
20686;0,5
20687;0,5
20688;0,5
20691;0,5
20701;0,5
20704;0,5
20706;0,5
20712;0,5
20714;0,5
20723;0,5
20732;0,5
20733;0,5
20738;0,5
20741;0,5
20746;0,5
20750;0,5
20752;0,5
20753;0,5
20760;0,5
20761;0,5
20765;0,5
20777;0,5
20778;0,5
20791;0,5
20799;0,5
20801;0,5
20802;0,5
20803;0,5
20807;0,5
20810;0,5
20812;0,5
20814;0,5
20817;0,5
20819;0,5
20820;0,5
20830;0,5
20831;0,5
20834;0,5
20841;0,5
20846;0,5
20855;0,5
20862;0,5
20869;0,5
20877;0,5
20879;0,5
20881;0,5
20891;0,5
20894;0,5
20895;0,5
20903;0,5
20904;0,5
20907;0,5
20913;0,5
20914;0,5
20926;0,5
20937;0,5
20945;0,5
20946;0,5
20947;0,5
20956;0,5
20958;0,5
20967;0,5
20970;0,5
20973;0,5
20974;0,5
20979;0,5
20984;0,5
20986;0,5
20990;0,5
20994;0,5
20995;0,5
20996;0,5
21014;0,5
21016;0,5
21020;0,5
21024;0,5
21028;0,5
21031;0,5
21032;0,5
21047;0,5
21050;0,5
21066;0,5
21070;0,5
21071;0,5
21074;0,5
21078;0,5
21082;0,5
21086;0,5
21092;0,5
21105;0,5
21111;0,5
21116;0,5
21117;0,5
21120;0,5
21125;0,5
21132;0,5
21133;0,5
21136;0,5
21144;0,5
21146;0,5
21148;0,5
21149;0,5
21155;0,5
21159;0,5
21172;0,5
21173;0,5
21175;0,5
21177;0,5
21185;0,5
21195;0,5
21198;0,5
21200;0,5
21210;0,5
21214;0,5
21218;0,5
21219;0,5
21221;0,5
21223;0,5
21228;0,5
21236;0,5
21238;0,5
21250;0,5
21260;0,5
21264;0,5
21270;0,5
21274;0,5
21282;0,5
21286;0,5
21292;0,5
21300;0,5
21302;0,5
21303;0,5
21307;0,5
21316;0,5
21327;0,5
21331;0,5
21334;0,5
21341;0,5
21352;0,5
21355;0,5
21356;0,5
21359;0,5
21366;0,5
21370;0,5
21374;0,5
21379;0,5
21390;0,5
21395;0,5
21399;0,5
21407;0,5
21409;0,5
21412;0,5
21432;0,5
21433;0,5
21435;0,5
21437;0,5
21443;0,5
21453;0,5
21456;0,5
21457;0,5
21475;0,5
21483;0,5
21488;0,5
21499;0,5
21500;0,5
21504;0,5
21511;0,5
21512;0,5
21514;0,5
21517;0,5
21521;0,5
21526;0,5
21531;0,5
21532;0,5
21533;0,5
21535;0,5
21558;0,5
21564;0,5
21577;0,5
21578;0,5
21585;0,5
21587;0,5
21591;0,5
21600;0,5
21608;0,5
21613;0,5
21615;0,5
21621;0,5
21623;0,5
21624;0,5
21650;0,5
21663;0,5
21667;0,5
21680;0,5
21684;0,5
21699;0,5
21700;0,5
21701;0,5
21722;0,5
21725;0,5
21742;0,5
21748;0,5
21750;0,5
21752;0,5
21756;0,5
21763;0,5
21764;0,5
21765;0,5
21769;0,5
21771;0,5
21777;0,5
21779;0,5
21780;0,5
21792;0,5
21794;0,5
21796;0,5
21797;0,5
21808;0,5
21814;0,5
21818;0,5
21834;0,5
21837;0,5
21846;0,5
21858;0,5
21859;0,5
21865;0,5
21876;0,5
21887;0,5
21891;0,5
21896;0,5
21898;0,5
21908;0,5
21910;0,5
21912;0,5
21916;0,5
21922;0,5
21923;0,5
21928;0,5
21936;0,5
21941;0,5
21942;0,5
21947;0,5
21956;0,5
21957;0,5
21963;0,5
21965;0,5
21966;0,5
21974;0,5
21978;0,5
21980;0,5
21981;0,5
21984;0,5
21985;0,5
22004;0,5
22017;0,5
22019;0,5
22028;0,5
22033;0,5
22040;0,5
22047;0,5
22054;0,5
22058;0,5
22063;0,5
22065;0,5
22070;0,5
22076;0,5
22090;0,5
22095;0,5
22096;0,5
22101;0,5
22105;0,5
22111;0,5
22116;0,5
22136;0,5
22139;0,5
22142;0,5
22149;0,5
22154;0,5
22163;0,5
22166;0,5
22170;0,5
22183;0,5
22199;0,5
22207;0,5
22213;0,5
22221;0,5
22226;0,5
22228;0,5
22231;0,5
22235;0,5
22241;0,5
22243;0,5
22248;0,5
22253;0,5
22256;0,5
22257;0,5
22260;0,5
22262;0,5
22270;0,5
22276;0,5
22277;0,5
22282;0,5
22283;0,5
22289;0,5
22291;0,5
22294;0,5
22300;0,5
22302;0,5
22337;0,5
22342;0,5
22343;0,5
22348;0,5
22353;0,5
22358;0,5
22361;0,5
22368;0,5
22372;0,5
22375;0,5
22378;0,5
22380;0,5
22387;0,5
22389;0,5
22396;0,5
22408;0,5
22410;0,5
22422;0,5
22423;0,5
22424;0,5
22451;0,5
22452;0,5
22453;0,5
22457;0,5
22458;0,5
22459;0,5
22462;0,5
22468;0,5
22474;0,5
22480;0,5
22485;0,5
22487;0,5
22488;0,5
22491;0,5
22498;0,5
22499;0,5
22507;0,5
22508;0,5
22510;0,5
22512;0,5
22513;0,5
22517;0,5
22518;0,5
22519;0,5
22521;0,5
22526;0,5
22529;0,5
22547;0,5
22556;0,5
22559;0,5
22564;0,5
22573;0,5
22575;0,5
22582;0,5
22587;0,5
22600;0,5
22607;0,5
22611;0,5
22615;0,5
22616;0,5
22629;0,5
22634;0,5
22635;0,5
22642;0,5
22651;0,5
22664;0,5
22667;0,5
22668;0,5
22669;0,5
22671;0,5
22673;0,5
22675;0,5
22681;0,5
22686;0,5
22696;0,5
22708;0,5
22710;0,5
22724;0,5
22730;0,5
22738;0,5
22739;0,5
22741;0,5
22744;0,5
22746;0,5
22747;0,5
22748;0,5
22758;0,5
22759;0,5
22764;0,5
22772;0,5
22774;0,5
22779;0,5
22782;0,5
22785;0,5
22787;0,5
22799;0,5
22809;0,5
22812;0,5
22841;0,5
22846;0,5
22848;0,5
22849;0,5
22851;0,5
22854;0,5
22858;0,5
22864;0,5
22866;0,5
22868;0,5
22873;0,5
22881;0,5
22882;0,5
22884;0,5
22889;0,5
22896;0,5
22897;0,5
22904;0,5
22908;0,5
22928;0,5
22947;0,5
22950;0,5
22963;0,5
22973;0,5
22976;0,5
22985;0,5
22988;0,5
22991;0,5
22998;0,5
23000;0,5
23001;0,5
23021;0,5
23022;0,5
23030;0,5
23033;0,5
23036;0,5
23044;0,5
23045;0,5
23049;0,5
23051;0,5
23055;0,5
23062;0,5
23065;0,5
23068;0,5
23070;0,5
23096;0,5
23115;0,5
23119;0,5
23139;0,5
23143;0,5
23149;0,5
23161;0,5
23166;0,5
23167;0,5
23174;0,5
23177;0,5
23182;0,5
23184;0,5
23185;0,5
23193;0,5
23194;0,5
23199;0,5
23200;0,5
23201;0,5
23203;0,5
23208;0,5
23215;0,5
23216;0,5
23221;0,5
23224;0,5
23226;0,5
23236;0,5
23239;0,5
23248;0,5
23250;0,5
23253;0,5
23254;0,5
23271;0,5
23273;0,5
23275;0,5
23276;0,5
23277;0,5
23286;0,5
23287;0,5
23294;0,5
23295;0,5
23297;0,5
23298;0,5
23304;0,5
23310;0,5
23314;0,5
23319;0,5
23329;0,5
23330;0,5
23337;0,5
23340;0,5
23345;0,5
23348;0,5
23352;0,5
23356;0,5
23357;0,5
23364;0,5
23386;0,5
23394;0,5
23398;0,5
23402;0,5
23407;0,5
23412;0,5
23416;0,5
23428;0,5
23433;0,5
23437;0,5
23439;0,5
23455;0,5
23461;0,5
23466;0,5
23479;0,5
23488;0,5
23492;0,5
23493;0,5
23513;0,5
23535;0,5
23538;0,5
23543;0,5
23544;0,5
23547;0,5
23549;0,5
23556;0,5
23558;0,5
23561;0,5
23567;0,5
23572;0,5
23575;0,5
23578;0,5
23592;0,5
23595;0,5
23596;0,5
23604;0,5
23615;0,5
23619;0,5
23623;0,5
23627;0,5
23628;0,5
23630;0,5
23631;0,5
23632;0,5
23637;0,5
23641;0,5
23644;0,5
23653;0,5
23654;0,5
23661;0,5
23663;0,5
23664;0,5
23681;0,5
23686;0,5
23688;0,5
23692;0,5
23693;0,5
23700;0,5
23701;0,5
23704;0,5
23713;0,5
23718;0,5
23719;0,5
23729;0,5
23736;0,5
23748;0,5
23750;0,5
23766;0,5
23776;0,5
23801;0,5
23802;0,5
23807;0,5
23811;0,5
23820;0,5
23825;0,5
23828;0,5
23834;0,5
23836;0,5
23849;0,5
23860;0,5
23862;0,5
23893;0,5
23898;0,5
23901;0,5
23907;0,5
23917;0,5
23925;0,5
23932;0,5
23934;0,5
23939;0,5
23941;0,5
23948;0,5
23951;0,5
23955;0,5
23969;0,5
23974;0,5
23976;0,5
23992;0,5
24007;0,5
24009;0,5
24011;0,5
24013;0,5
24014;0,5
24015;0,5
24018;0,5
24028;0,5
24038;0,5
24039;0,5
24043;0,5
24063;0,5
24067;0,5
24076;0,5
24079;0,5
24088;0,5
24096;0,5
24118;0,5
24119;0,5
24123;0,5
24126;0,5
24128;0,5
24130;0,5
24132;0,5
24133;0,5
24142;0,5
24143;0,5
24147;0,5
24153;0,5
24155;0,5
24158;0,5
24159;0,5
24164;0,5
24165;0,5
24169;0,5
24176;0,5
24177;0,5
24179;0,5
24193;0,5
24197;0,5
24198;0,5
24201;0,5
24205;0,5
24212;0,5
24213;0,5
24215;0,5
24226;0,5
24228;0,5
24234;0,5
24240;0,5
24254;0,5
24259;0,5
24260;0,5
24265;0,5
24270;0,5
24274;0,5
24298;0,5
24315;0,5
24316;0,5
24323;0,5
24333;0,5
24341;0,5
24343;0,5
24345;0,5
24346;0,5
24347;0,5
24349;0,5
24360;0,5
24363;0,5
24375;0,5
24382;0,5
24389;0,5
24394;0,5
24407;0,5
24408;0,5
24413;0,5
24422;0,5
24426;0,5
24431;0,5
24437;0,5
24445;0,5
24459;0,5
24476;0,5
24485;0,5
24500;0,5
24507;0,5
24510;0,5
24512;0,5
24514;0,5
24516;0,5
24518;0,5
24521;0,5
24523;0,5
24526;0,5
24528;0,5
24535;0,5
24537;0,5
24549;0,5
24562;0,5
24566;0,5
24568;0,5
24572;0,5
24589;0,5
24593;0,5
24596;0,5
24603;0,5
24611;0,5
24613;0,5
24618;0,5
24622;0,5
24623;0,5
24624;0,5
24632;0,5
24634;0,5
24636;0,5
24642;0,5
24669;0,5
24672;0,5
24696;0,5
24701;0,5
24711;0,5
24715;0,5
24716;0,5
24722;0,5
24733;0,5
24742;0,5
24748;0,5
24750;0,5
24758;0,5
24761;0,5
24764;0,5
24768;0,5
24769;0,5
24770;0,5
24777;0,5
24788;0,5
24795;0,5
24808;0,5
24814;0,5
24821;0,5
24824;0,5
24828;0,5
24829;0,5
24833;0,5
24836;0,5
24841;0,5
24843;0,5
24850;0,5
24853;0,5
24855;0,5
24864;0,5
24871;0,5
24899;0,5
24902;0,5
24916;0,5
24917;0,5
24926;0,5
24930;0,5
24937;0,5
24938;0,5
24939;0,5
24947;0,5
24957;0,5
24958;0,5
24964;0,5
24969;0,5
24970;0,5
24971;0,5
24972;0,5
24974;0,5
24993;0,5
24997;0,5
25003;0,5
25020;0,5
25023;0,5
25029;0,5
25032;0,5
25042;0,5
25043;0,5
25048;0,5
25055;0,5
25060;0,5
25070;0,5
25071;0,5
25073;0,5
25083;0,5
25084;0,5
25087;0,5
25088;0,5
25096;0,5
25098;0,5
25102;0,5
25103;0,5
25106;0,5
25114;0,5
25116;0,5
25118;0,5
25121;0,5
25122;0,5
25124;0,5
25125;0,5
25128;0,5
25138;0,5
25147;0,5
25148;0,5
25158;0,5
25167;0,5
25185;0,5
25186;0,5
25187;0,5
25202;0,5
25205;0,5
25222;0,5
25234;0,5
25253;0,5
25256;0,5
25269;0,5
25275;0,5
25277;0,5
25291;0,5
25296;0,5
25299;0,5
25306;0,5
25307;0,5
25310;0,5
25314;0,5
25323;0,5
25334;0,5
25350;0,5
25351;0,5
25354;0,5
25356;0,5
25361;0,5
25369;0,5
25380;0,5
25381;0,5
25392;0,5
25397;0,5
25404;0,5
25411;0,5
25417;0,5
25431;0,5
25433;0,5
25436;0,5
25441;0,5
25448;0,5
25453;0,5
25469;0,5
25475;0,5
25478;0,5
25481;0,5
25496;0,5
25498;0,5
25513;0,5
25516;0,5
25526;0,5
25530;0,5
25540;0,5
25551;0,5
25552;0,5
25555;0,5
25567;0,5
25575;0,5
25577;0,5
25580;0,5
25581;0,5
25590;0,5
25595;0,5
25596;0,5
25597;0,5
25602;0,5
25603;0,5
25611;0,5
25616;0,5
25620;0,5
25625;0,5
25628;0,5
25636;0,5
25639;0,5
25665;0,5
25668;0,5
25671;0,5
25673;0,5
25675;0,5
25684;0,5
25690;0,5
